订单号,商品名称,用户昵称,评论内容,评分,购买时间,用户等级,是否追评
ORD20240115001,苹果iPhone 15,数码达人小王,拿到手机第一感觉就是做工精致，A17芯片跑分确实很高，日常使用非常流畅。相机提升明显，特别是人像模式，虚化效果自然。电池续航比14好一些，中度使用一天够用。唯一不满意的是Lightning接口终于换成USB-C了，但充电头还要单买。总体来说升级还是值得的。,5,2024-01-15,VIP会员,否
ORD20240116002,华为Mate 60 Pro,爱国青年,这次华为真的让人刮目相看！麒麟9000S芯片性能强劲，完全不输骁龙8 Gen2。最震撼的是卫星通话功能，去新疆旅游时在无信号区域成功拨打了电话，简直是救命功能。拍照效果也很棒，XMAGE影像系统调色很有德味。外观设计大气，拿出去倍有面子。支持国产，必须好评！,5,2024-01-16,金牌会员,否
ORD20240117003,小米13 Ultra,摄影爱好者,冲着徕卡镜头和1英寸大底买的，确实没让我失望。白天拍照质量很好，色彩还原准确，徕卡味浓郁。夜景表现也不错，噪点控制得当。但是MIUI的广告真的太多了，每天都要关几个推送。还有就是发热问题，夏天玩游戏会比较烫。续航中规中矩，重度使用需要一天两充。,4,2024-01-17,普通会员,否
ORD20240118004,联想ThinkPad X1 Carbon,商务精英李总,公司配的办公本，ThinkPad果然是商务本的标杆。键盘手感无可挑剔，长时间打字不累。屏幕色彩准确，开会投屏效果好。i7-13700U处理器性能够用，开十几个Chrome标签页不卡顿。重量控制不错，出差携带方便。就是风扇在高负载时声音有点大，安静的会议室会比较尴尬。,4,2024-01-18,钻石会员,否
ORD20240119005,戴尔XPS 13 Plus,设计师小美,作为设计师对屏幕要求很高，这款4K OLED屏幕确实惊艳。色域覆盖广，色彩准确度高，做UI设计很舒服。机身设计简约时尚，铝合金材质质感很好。性能对于设计软件来说够用，AI功能也挺实用。缺点是续航一般，4K屏幕比较耗电。散热在夏天会有点压力。,4,2024-01-19,银牌会员,否
ORD20240120006,MacBook Air M2,学生党小张,学生党的性价比之选！M2芯片性能强劲，日常编程、视频剪辑都很流畅。最爱的是静音设计，在图书馆用完全不用担心打扰别人。续航表现优秀，一天的课程下来还有50%的电量。macOS生态很棒，和iPhone联动体验很好。缺点是只有两个USB-C接口，需要买扩展坞。8GB内存有时会不够用。,5,2024-01-20,普通会员,否
ORD20240121007,索尼WH-1000XM5,音乐发烧友,作为音乐爱好者，对耳机要求很高。降噪效果确实业界顶级，戴上后世界瞬间安静。音质层次丰富，低频有弹性，中频温暖，高频清亮。LDAC编码支持让无线音质接近有线。30小时续航完全够用，快充也很方便。缺点是夏天佩戴会出汗，头梁部分容易积汗。,5,2024-01-21,金牌会员,否
ORD20240122008,AirPods Pro 2代,苹果生态用户,苹果全家桶用户必备！和iPhone、Mac的连接体验无缝，切换设备很方便。空间音频效果不错，看电影很有沉浸感。降噪效果比一代提升明显，日常通勤很实用。充电盒支持MagSafe很方便。缺点是容易丢失，我已经丢过一次了😭。音质相比专业耳机还是有差距。,4,2024-01-22,VIP会员,否
ORD20240123009,小米手环8,健身达人,性价比之王！功能丰富，运动模式多样，心率监测准确。14天续航真的厉害，基本半个月充一次电。NFC功能很实用，坐地铁刷手环就行。睡眠监测详细，有助于改善睡眠质量。缺点是屏幕在强光下看不清，表带容易沾灰。GPS定位精度一般，跑步轨迹有偏差。,4,2024-01-23,普通会员,否
ORD20240124010,华为Watch GT 4,跑步爱好者,专业运动手表，GPS定位精准，跑步轨迹记录准确。健康监测功能全面，血氧、心率、压力都能监测。外观设计商务范，日常佩戴也合适。续航确实给力，智能模式能用一周多。缺点是第三方应用生态较少，可玩性不如Apple Watch。表盘选择有限，希望能增加更多个性化选项。,4,2024-01-24,银牌会员,否
ORD20240125011,苹果iPhone 15,理性消费者,用了iPhone 12三年，这次升级到15。说实话提升没有想象中大，日常使用感知不强。相机确实更好，但对于普通用户来说12的相机也够用。USB-C接口是亮点，终于统一了。价格还是偏贵，感觉性价比一般。如果不是手机坏了，建议再等等。,3,2024-01-25,普通会员,否
ORD20240126012,华为Mate 60,科技小白,朋友推荐买的，说国产手机现在很厉害。用了一个月感觉确实不错，系统流畅，拍照效果好。就是有些功能不太会用，设置菜单比较复杂。和之前用的iPhone差别挺大，需要适应。客服很耐心，帮我解决了不少问题。整体满意，支持国产！,4,2024-01-26,普通会员,否
ORD20240127013,小米13 Ultra,游戏玩家,主要买来玩游戏的。王者荣耀、原神高画质都很流畅，骁龙8 Gen2性能确实强。但是散热一般，玩久了会降频。续航中等水平，重度游戏需要带充电宝。相机很不错，但对我来说意义不大。MIUI的游戏模式挺好用，免打扰功能实用。,3,2024-01-27,普通会员,否
ORD20240128014,联想ThinkPad X1,程序员,公司统一采购的开发机。Linux兼容性很好，Ubuntu安装无压力。键盘确实舒服，敲代码一整天手不累。内存够大，开多个IDE不卡。散热控制不错，满载时风扇声音可以接受。就是价格偏贵，同配置的其他品牌便宜不少。总体来说是生产力工具。,4,2024-01-28,金牌会员,否
ORD20240129015,戴尔XPS 13,内容创作者,用来做视频剪辑的，4K屏幕效果很棒。色彩准确度高，剪辑时能准确判断画面效果。i7处理器对于1080p剪辑够用，4K稍显吃力。外观设计很赞，做工精致。缺点是C面容易留指纹，需要经常擦拭。续航在4K屏幕下表现一般。,4,2024-01-29,银牌会员,否
ORD20240130016,MacBook Air M2,iOS开发者,专门买来做iOS开发的。Xcode运行很流畅，编译速度比Intel版本快很多。开发Flutter应用也很顺畅。最喜欢的是静音，完全听不到风扇声音。续航表现优秀，外出开发不用担心电量。就是8GB内存有时不够用，建议买16GB版本。,4,2024-01-30,钻石会员,否
ORD20240131017,索尼WH-1000XM5,差评王,花了2300买的，感觉被坑了。降噪效果还行，但音质真的一般，没有网上说的那么神。戴久了耳朵疼，夹得太紧。连接经常断开，很影响体验。外观设计也很普通，塑料感强。售后服务差，问个问题要等半天。不推荐购买，还不如买个便宜的。,2,2024-01-31,普通会员,否
ORD20240201018,AirPods Pro 2,挑剔用户,降噪效果比一代好，但还是不如索尼的头戴式。音质中规中矩，听古典音乐细节不够。最烦的是连接问题，经常需要重新配对。丢了一个耳机，配件价格离谱。充电盒设计不错，但容易刮花。总体体验一般，性价比不高。,3,2024-02-01,银牌会员,否
ORD20240202019,小米手环8,学生用户,学生党预算有限，这个价位功能算丰富。运动监测基本准确，日常使用够用。有些高级功能需要会员，不太友好。屏幕有点小，信息显示不全。不过考虑到价格，也不能要求太多。适合预算有限的用户。,4,2024-02-02,普通会员,否
ORD20240203020,华为Watch GT 4,中年用户,主要用来健康监测，血压、心率测量比较准。外观比较稳重，适合我这个年纪。操作有点复杂，很多功能不会用。续航确实不错，比Apple Watch强多了。希望能出个简化版，操作更简单一些。,4,2024-02-03,普通会员,否
ORD20240204021,苹果iPhone 15,极品用户,垃圾产品！用了三天就出现绿屏，拿去售后说是人为损坏拒绝保修。客服态度恶劣，推诿责任。苹果质量越来越差，价格越来越贵。强烈不建议购买，坑人的产品！投诉无门，维权困难！,1,2024-02-04,普通会员,否
ORD20240205022,华为Mate 60,数码博主,作为数码博主客观评价：优点是信号好、续航不错、系统流畅；缺点是价格偏高、应用生态不如iOS、系统偶有小bug。卫星通话是亮点但使用场景有限。总体是一款合格的旗舰，但谈不上完美。购买需根据个人需求。,3,2024-02-05,金牌会员,否
ORD20240206023,小米13 Ultra,专业摄影师,作为摄影师测试了相机功能。徕卡调色确实有味道，1英寸传感器画质不错。但专业功能还是有限，不能完全替代相机。适合对拍照有要求的普通用户。系统优化还需提升，偶尔卡顿。,4,2024-02-06,VIP会员,否
ORD20240207024,联想ThinkPad X1,预算紧张用户,咬牙买的，价格确实贵。但用起来确实好，办公效率提升明显。感觉有点性能过剩，日常办公用不到这么高的配置。分期付款压力有点大，但为了工作效率值得投资。,3,2024-02-07,普通会员,否
ORD20240208025,戴尔XPS 13,完美主义者,几乎完美的产品！外观、性能、屏幕都无可挑剔。唯一的瑕疵是键盘背光不够均匀，强迫症表示难以接受。其他方面都很满意，推荐追求完美的用户。希望厂家能改进这个小问题。,4,2024-02-08,钻石会员,否
ORD20240209026,小米13 Ultra,数码评测师,作为评测师测试了一个月。相机确实是亮点，徕卡调色有特色。性能强劲，日常使用流畅。发热控制一般，长时间游戏会烫手。续航中等，重度使用一天两充。总体是款不错的产品，值得推荐。,4,2024-02-09,VIP会员,是
ORD20240210027,华为Mate 60,出租车师傅,跑车专用机，信号真的强。地下停车场、电梯里都有信号，比iPhone强多了。续航给力，一整天跑车不用充电。导航准确，乘客都夸手机好用。就是价格有点贵，不过工具嘛，好用就行。,4,2024-02-10,普通会员,否
ORD20240211028,苹果iPhone 15,宝妈用户,给自己换的新手机，主要用来拍娃。相机效果确实好，孩子的照片拍得很清晰。系统简单易用，不用担心误操作。就是价格贵，为了给孩子拍美照也值了。家庭群分享照片很方便。,4,2024-02-11,普通会员,否
ORD20240212029,索尼WH-1000XM5,商务人士,经常出差，飞机上用降噪耳机很有必要。这款降噪效果确实不错，长途飞行必备。音质也很好，听音乐很享受。就是携带不太方便，盒子比较大。整体满意，商务出行好伴侣。,5,2024-02-12,金牌会员,否
ORD20240213030,AirPods Pro 2,健身教练,运动时佩戴很稳固，不会掉落。防汗性能不错，运动后简单清洁即可。音质对运动来说够用，降噪功能实用。就是价格偏贵，而且容易丢失。建议运动时用绳子连接。,4,2024-02-13,银牌会员,否 