商品名称,商品描述,价格,库存状态,用户昵称,评论内容,评分,购买时间,用户等级
苹果iPhone 15,最新款智能手机，配备A17芯片，支持5G网络，128GB存储空间,5999,有库存,数码发烧友2023,这款手机真的太棒了！A17芯片性能强劲，拍照效果比iPhone 14提升明显，尤其是夜景模式。电池续航也不错，重度使用一天没问题。就是价格有点贵，不过物有所值！,5,2024-01-15,VIP用户
华为Mate 60,高端智能手机，搭载麒麟9000S处理器，支持卫星通话功能,6999,有库存,爱国青年,支持国产！华为这次真的牛，卫星通话功能太实用了，去西藏旅游没信号的地方都能打电话。麒麟9000S芯片也很流畅，比预期好很多。外观设计很大气，拿在手里有面子。,5,2024-02-03,金牌用户
小米13 Ultra,专业摄影手机，徕卡镜头，1英寸传感器，12GB+256GB,5999,缺货,摄影小白,冲着徕卡镜头买的，确实没让我失望。拍出来的照片质感很好，色彩还原度高。但是这个系统广告有点多，每次都要关闭挺烦的。还有就是发热比较严重，玩游戏的时候特别明显。,4,2024-01-28,普通用户
联想ThinkPad X1,商务笔记本电脑，英特尔i7处理器，16GB内存，512GB SSD,8999,有库存,商务人士李总,办公神器！键盘手感一如既往的好，屏幕显示效果清晰。i7处理器处理多任务很流畅，开十几个浏览器标签页都不卡。就是风扇声音有点大，安静的会议室里比较尴尬。整体还是很满意的。,4,2024-01-10,钻石用户
戴尔XPS 13,轻薄笔记本，13.3英寸4K显示屏，英特尔i5处理器,7299,有库存,设计师小美,颜值很高的一款笔记本，4K屏幕显示效果惊艳，做设计工作色彩准确度很好。机身轻薄便携，出差必备。不过散热一般，夏天使用会比较热。电池续航中规中矩，大概6-7小时。,4,2024-02-12,银牌用户
MacBook Air M2,苹果笔记本电脑，M2芯片，8核CPU，13.6英寸液晶显示屏,8999,有库存,学生党小王,学生党入门首选！M2芯片真的很强，日常使用完全够用，编程、剪视频都没问题。最重要的是静音，图书馆用完全不用担心打扰别人。就是接口太少了，需要买很多转接头。,5,2024-01-20,普通用户
索尼WH-1000XM5,无线降噪耳机，30小时续航，快速充电，支持LDAC,2299,有库存,音乐爱好者,降噪效果确实很棒，戴上后世界瞬间安静。音质也很不错，低频有力度，高频清晰。30小时续航基本一周充一次电。但是夏天戴久了会出汗，透气性一般。总体来说物超所值。,5,2024-02-05,金牌用户
AirPods Pro 2,苹果无线耳机，主动降噪，空间音频，6小时续航,1899,缺货,果粉小张,苹果生态用户必备！和iPhone连接很稳定，延迟很低。空间音频效果不错，看电影很有沉浸感。但是容易丢，已经丢过一次了😂。充电盒有点容易刮花，建议买个保护套。,4,2024-01-25,VIP用户
小米手环8,智能手环，1.62英寸AMOLED屏幕，14天续航，150种运动模式,199,有库存,健身达人,性价比很高的手环，功能齐全，睡眠监测、心率监测都很准确。14天续航确实厉害，基本半个月充一次电。就是表带容易脏，白色的特别明显。屏幕在阳光下看不太清楚。,4,2024-02-08,普通用户
华为Watch GT 4,智能手表，1.43英寸AMOLED屏幕，14天续航，健康监测,1488,有库存,跑步爱好者,专业运动手表，GPS定位很准确，跑步轨迹记录详细。健康监测功能丰富，血氧、心率、压力都能监测。外观商务范十足，开会戴着也不违和。就是第三方应用太少了。,4,2024-01-18,银牌用户
苹果iPhone 15,普通用户老李,用了一个月了，总体还行吧。拍照确实不错，就是没感觉比我原来的12 Pro强太多。价格确实贵，感觉性价比一般。不过系统流畅，应该能用好几年。,3,2024-02-01,普通用户,华为Mate 60,科技小白,朋友推荐买的，说是很厉害的芯片。用起来确实挺流畅的，就是有些功能不太会用。拍照效果不错，自动模式就很好看。就是系统和苹果差别有点大，需要适应一下。,4,2024-01-30,普通用户,小米13 Ultra,游戏玩家,游戏性能还可以，王者荣耀高画质很流畅。但是发热控制不太好，玩一会儿就很烫手。相机确实不错，但我主要用来玩游戏，这个对我意义不大。续航中等水平。,3,2024-02-10,普通用户,联想ThinkPad X1,IT工程师,工作需要买的，Linux兼容性很好，开发环境搭建顺利。键盘确实舒服，长时间敲代码不累。就是价格偏贵，同配置的其他品牌便宜不少。散热还行，CPU满载时风扇声音可以接受。,4,2024-01-12,金牌用户,戴尔XPS 13,内容创作者,做视频剪辑用的，4K屏幕效果很棒，色彩还原准确。i5处理器对于1080p视频剪辑够用，但是4K就有点吃力了。外观设计很漂亮，做工精致。就是C面容易留指纹。,4,2024-02-14,银牌用户,MacBook Air M2,程序员小陈,开发用很好，Xcode运行流畅，编译速度比Intel版本快很多。最喜欢的是安静，完全听不到风扇声音。屏幕显示效果也不错。就是内存只有8GB，开多了应用会有点卡。,4,2024-01-22,钻石用户,索尼WH-1000XM5,差评用户,花了2000多买的，感觉不值这个价。降噪效果还行，但是音质一般般，没有传说中那么好。而且戴久了头会疼，夹得太紧了。连接有时候会断开，很烦人。,2,2024-02-07,普通用户,AirPods Pro 2,挑剔用户,降噪效果比一代好一些，但是还是比不上索尼的头戴式。音质中规中矩，听流行音乐还行。最烦的是经常连接不上，需要重新配对。而且丢了一个耳机，买替换的要好几百。,3,2024-01-27,银牌用户,小米手环8,学生用户,便宜买的，功能比价格想象的多。运动监测挺准的，就是有些高级功能需要会员。屏幕有点小，信息显示不全。不过这个价格也不能要求太多，总体还是满意的。,4,2024-02-09,普通用户,华为Watch GT 4,中年用户,主要用来监测健康，血压、心率监测比较准确。外观比较商务，适合我这个年龄段。就是操作有点复杂，很多功能不太会用。续航确实不错，比Apple Watch强多了。,4,2024-01-19,普通用户,苹果iPhone 15,极端用户,垃圾！用了两天就坏了，屏幕出现绿线。拿去售后说是人为损坏，不给保修。客服态度也很差，完全不解决问题。强烈不推荐购买！,1,2024-02-02,普通用户,华为Mate 60,理性用户,客观评价一下：优点是信号好、续航不错、拍照还行；缺点是价格偏贵、生态应用少、系统有些小bug。总体来说是一款合格的旗舰手机，但谈不上惊艳。,3,2024-01-31,金牌用户,小米13 Ultra,专业摄影师,作为摄影师来说，这个相机确实不错，一英寸传感器画质很好。但是专业功能还是不如相机，只能说是手机里的佼佼者。系统优化还有提升空间，偶尔会卡顿。,4,2024-02-11,VIP用户,联想ThinkPad X1,预算有限用户,分期买的，压力有点大。但是确实好用，办公效率提升不少。就是觉得有点大材小用了，平时就用来打字、上网，感觉买个便宜点的也够用。,3,2024-01-13,普通用户,戴尔XPS 13,完美主义者,几乎完美的笔记本！外观、性能、屏幕都很棒。就是有一个小瑕疵，键盘背光不够均匀，强迫症表示很难受。其他方面都很满意，推荐购买。,4,2024-02-15,钻石用户 